{
  "books": [
    {
      "name": "dasdas",
      "description": "",
      "author": "",
      "label": "",
      "category": "Adventure",
      "price": "7412",
      "publication": "penguin",
      "year": "2015",
      "edition": "dara",
      "id": 1
    },
    {
      "name": "asd",
      "description": "dasdadasas",
      "author": "das",
      "label": "",
      "category": "",
      "price": "45645",
      "publication": "asd",
      "year": "asd",
      "edition": "dasd",
      "id": 301
    },
    {
      "name": "chinmayee",
      "description": "sdas",
      "author": "sad",
      "label": "wew",
      "category": "3423",
      "price": "3423",
      "publication": "3242",
      "year": "234",
      "edition": "32423",
      "id": 302
    },
    {
      "name": "dasdas",
      "description": "",
      "author": "",
      "label": "",
      "category": "",
      "price": "",
      "publication": "",
      "year": "",
      "edition": "",
      "id": 305
    },
    {
      "name": "sdfsdfds",
      "description": "",
      "author": "",
      "label": "",
      "category": "",
      "price": "",
      "publication": "",
      "year": "",
      "edition": "",
      "id": 306
    },
    {
      "name": "dsaaaaaaaaaaa",
      "description": "",
      "author": "",
      "label": "",
      "category": "",
      "price": "",
      "publication": "",
      "year": "",
      "edition": "",
      "id": 307
    },
    {
      "id": 308,
      "name": "chochlate guy",
      "description": "",
      "author": "",
      "label": "chochlate guy",
      "category": "Classics",
      "price": "789",
      "publication": "123",
      "year": "123",
      "edition": "13"
    },
    {
      "name": "sad",
      "description": "",
      "author": "",
      "label": "",
      "category": "",
      "price": "",
      "publication": "",
      "year": "",
      "edition": "",
      "id": 309
    },
    {
      "id": 310,
      "name": "eqweqweqsadas",
      "description": "ok chinmayee is good girl",
      "author": "sad",
      "label": "dasd",
      "category": "dasdasdas",
      "price": "456451",
      "publication": "2013",
      "year": "512312",
      "edition": "21216"
    },
    {
      "name": "Harry Potter",
      "description": "addad",
      "author": "JK rowling",
      "label": "drama",
      "category": "Classics",
      "price": "100",
      "publication": "peguins",
      "year": "2012",
      "edition": "india",
      "id": 311
    }
  ]
}